Quarter,count,offensive_rebound_rate
1,27885,0.2558364712210866
2,27231,0.28103999118651535
3,26960,0.28030415430267064
4,26279,0.279120210053655
